County,Region,Public_Enrollees,PCP_Count,Availability_Gap,Avoidable_Util_Burden,Risk_Index_raw,Availability_Gap_Score,Util_Burden_Score,Risk_Index_Score,Composite_Need_Score,Total_ED,E_TOTPOP,AVG_MC_Enrollees,AVG_MA_Enrollments_2023_FY,RPL_THEMES,OBESITY_age-adjusted_prevalence,DIABETES_age-adjusted_prevalence,CSMOKING_age-adjusted_prevalence,LPA_age-adjusted_prevalence,CHD_age-adjusted_prevalence
Robeson,South Central,79517.6667,63.48942,1252.45537677844,511.98684742107946,1.2381,1.6381433189300801e-06,16.447115077938353,100.0,38.81570557202722,40712,117573,64633.6667,14884,0.9899,41.9,15.6,25.0,33.1,8.5
Cumberland,South Central,150719.25,717.34298,210.1076528132921,483.80680978835284,1.0239,2.4564025553624745e-07,15.54185681948762,80.0873849586316,31.876414007919823,72919,335207,123657.25,27062,0.8283,39.6,12.2,15.7,24.5,5.8
Bladen,South Central,16800.9167,2.08649,8052.235403843103,666.511210872725,0.8442,1.0722169983345128e-05,21.411070696790738,63.38198382448639,28.264355081149034,11198,29807,12261.9167,4539,0.6364,38.6,12.7,17.7,28.2,6.7
Columbus,South Central,27822.8333,10.1654,2737.012863535831,0.35941701309704455,1.0693000000000001,3.6214074452525128e-06,0.011545946942098312,84.30789253509346,28.106480701147664,10,50827,21368.8333,6454,0.8485,39.2,13.4,21.6,28.9,7.3
Harnett,South Central,49133.5833,39.06822,1257.6355421968153,874.3510291798517,0.6919000000000001,1.6450636546761345e-06,28.08773715159071,49.22376127173005,25.770500022794806,42960,134718,38350.5833,10783,0.4949,39.4,11.5,16.0,25.2,6.4
