County,Region,Public_Enrollees,PCP_Count,Availability_Gap,Avoidable_Util_Burden,Risk_Index_raw,Availability_Gap_Score,Util_Burden_Score,Risk_Index_Score,Composite_Need_Score,Total_ED,E_TOTPOP,AVG_MC_Enrollees,AVG_MA_Enrollments_2023_FY,RPL_THEMES,OBESITY_age-adjusted_prevalence,DIABETES_age-adjusted_prevalence,CSMOKING_age-adjusted_prevalence,LPA_age-adjusted_prevalence,CHD_age-adjusted_prevalence
Vance,North Central,27602.1667,6.3738,4330.566125299488,745.3037827894944,1.1469,5.750282241703185e-06,23.942210908945505,91.52179975829694,38.48800547250823,20572,42492,21644.1667,5958,0.9293,41.2,13.6,19.1,28.5,6.4
Warren,North Central,9079.333330000001,0.18803,48286.36411017333,0.0,1.1811,6.447212903100347e-05,0.0,94.70112484893558,31.567063107021536,0,18803,6257.33333,2822,0.9495,42.0,14.5,21.7,30.6,7.0
Durham,North Central,102391.25,1248.38784,82.0187818538678,865.2887735496073,0.7507999999999999,7.452255546668842e-08,27.796620373948684,54.6992655944966,27.49862868098928,88598,325101,78168.25,24223,0.596,32.5,10.2,10.6,19.1,5.0
Granville,North Central,21996.25,18.95991,1160.1452137618155,920.7932751813024,0.5863,1.5148234499193318e-06,29.579652360567877,39.40689783396859,22.995517236453306,20254,61161,15643.25,6353,0.3939,37.5,11.8,16.7,23.9,6.3
Franklin,North Central,26233.0833,5.5744,4705.991424011298,399.22869458396093,0.5946,6.251823969585559e-06,12.824861254369733,40.17848842614112,17.667785310778275,10473,69680,18853.0833,7380,0.404,38.0,11.2,16.2,23.7,6.2
Person,North Central,17095.3333,5.08703,3360.571873849402,660.9405701999053,0.4857,4.45443831595407e-06,21.23211889624115,30.05484800594962,17.09565711887636,11299,39131,11591.3333,5504,0.2727,40.5,11.9,20.1,27.3,6.7
Wake,North Central,279191.917,10641.7682,26.235481897995534,1051.8033691791895,0.2912,0.0,33.788233309880084,11.973598586966627,15.253943965615571,293655,1132103,202537.917,76654,0.1616,25.6,8.9,9.7,15.8,4.8
