Region,Weighted_Composite_Need_Score
East,27.42273850794924
North Central,18.800645964979694
Piedmont,27.160075314817618
South Central,31.418447268121646
West,21.428593865802515
