Model,Alpha,R2,RMSE
Linear,,0.36006999640104775,16662.09219495605
Ridge,0.001,0.36007011119136256,16662.09070053722
Lasso,0.1,-5.49989479808134,53102.68254484994
