Model,Alpha,R2,RMSE
Linear,,-13.82135330538575,150384.807646141
Ridge,0.001,-13.82129849717798,150384.5295902431
Lasso,0.1,0.9824761449161235,5171.003851155884
