Model,Alpha,R2,RMSE
Linear,,0.9644036251014012,7226.709330607131
Ridge,0.001,0.964401462453495,7226.92885563564
Lasso,0.1,0.7157624847510835,20421.065580349077
