Model,Alpha,R2,RMSE
Linear,,0.3646391592851932,12217.921166129838
Ridge,0.001,0.3646375325997524,12217.936806613545
Lasso,0.1,0.41427788084049677,11730.942576606738
