Model,Alpha,R2,RMSE
Linear,,0.4327411906053178,15327.67837261568
Ridge,0.001,0.432741759571014,15327.670685714005
Lasso,0.1,0.7029307251747073,11092.121608618972
