Model,Alpha,R2,RMSE
Linear,,0.8772055186018377,10243.652102985521
Ridge,0.001,0.8772044204629821,10243.697906864978
Lasso,0.1,0.7044650017718139,15891.681604724778
